year,month,mag,depth_km,sig
2025,12,3.8,34.246,222
2025,12,4.3,62.593,285
2025,12,6.6,63,916
2025,12,4.2,7.075,271
2025,12,6,8,600
2025,12,4.2,36.575,272
2025,12,4.4,10,298
2025,12,4.6,32.176,330
2025,12,4.1,33.827,259
2025,12,4.3,11.516,284
2025,12,4.5,7.035,312
2025,12,4.4,34.496,298
2025,12,4.4,20.209,298
2025,12,5.2,10,430
2025,12,4.1,30.693,259
2025,11,4.2,44.423,272
2025,11,4.4,10,298
2025,11,4.2,19.064,272
2025,11,4.4,10,298
2025,11,4.5,14.989,312
2025,11,4.6,13.298,326
2025,11,4.7,10,340
2025,11,4.2,55.14,271
2025,11,4.1,55.785,259
2025,11,5.1,10,403
2025,10,4.4,12.698,298
2025,10,4.2,10,271
2025,10,4.3,39,284
2025,10,4.3,281.609,284
2025,10,4.2,30.085,274
2025,10,4.3,35.111,284
2025,10,4.8,39.966,357
2025,10,4.4,19.915,298
2025,10,5.1,10,401
2025,9,4.5,28.892,312
2025,9,4.2,13.76,271
2025,9,4.7,10,342
2025,9,4.6,19.975,326
2025,9,4.2,153.841,271
2025,9,4.5,10,312
2025,9,4.8,10,354
2025,9,4.2,33.458,271
2025,8,4.1,10,259
2025,8,5.3,114.91,464
2025,8,4.4,28.412,298
2025,8,4.5,38.079,312
2025,8,4.7,10,344
2025,8,4.6,21.15,327
2025,8,4.6,28.431,326
2025,8,4.3,28.704,284
2025,8,5.1,10,400
2025,8,4.3,22.06,284
2025,8,4.6,12.624,328
2025,8,5.5,113.505,474
2025,8,4.8,10,354
2025,8,4.5,10,312
2025,7,4.9,0,374
2025,7,4.8,10,354
2025,7,3.8,38.5,222
2025,7,4.4,19.75,298
2025,7,4.3,66.285,285
2025,7,4.8,10,354
2025,7,4.5,15.621,312
2025,7,4.5,17.152,312
2025,6,4.4,10,298
2025,6,4.4,10,298
2025,6,4.4,24.95,298
2025,6,4.9,10,370
2025,6,4.3,22.534,284
2025,6,4.6,10,326
2025,6,4.3,34.698,285
2025,6,5.9,29.331,565
2025,6,4.4,17.955,298
2025,5,4.6,129.939,326
2025,5,4.5,10,312
2025,5,4.6,10,326
2025,5,4.4,10,298
2025,5,4.4,10,298
2025,5,4.8,10,354
2025,5,4.7,10,340
2025,5,4.9,10,369
2025,5,4,10,246
2025,5,4.9,10,369
2025,5,4.7,19.23,340
2025,5,5.6,27,488
2025,5,4.6,10,326
2025,5,4.4,10,298
2025,5,5.1,10,403
2025,5,4.9,10,369
2025,4,4.1,25.078,259
2025,4,4.4,10,298
2025,4,4.1,28.244,259
2025,4,4.2,10,271
2025,4,4.3,60.523,284
2025,4,4.4,10,298
2025,4,4.1,11.055,259
2025,4,4.3,28.35,284
2025,4,5,68.993,404
2025,4,4.3,18.19,284
2025,4,4,28.158,247
2025,4,4.1,12.061,259
2025,4,4.7,10,343
2025,4,4.3,36.006,284
2025,4,4.3,10,284
2025,3,4.6,33.956,326
2025,3,3.9,31.818,234
2025,3,4.3,39.977,284
2025,3,4.4,10,298
2025,3,5.2,14.692,420
2025,3,4.5,10,312
2025,3,4.7,17.747,343
2025,3,4,10.2,246
2025,2,4.2,27.197,271
2025,2,4.7,10,340
2025,2,4,15.658,246
2025,2,4.5,10,313
2025,2,4.3,70.844,284
2025,1,4,11.419,246
2025,1,5,10,387
2025,1,5.1,10,412
2025,1,4,17.088,246
2025,1,4.3,10,284
2025,1,4.2,10.819,271
2025,1,4.8,10.452,354
2025,1,4.4,7.588,298
2025,1,5,10,387
2025,1,4.2,10,272
2025,1,5.2,10,435
2025,1,4.7,19.747,345
2025,1,4.5,10,312
2025,1,5.1,10,418
2025,1,4.5,10,313
2025,1,4.8,10.976,357
2025,1,4.3,16.001,284
2025,1,4.7,10,340
2025,1,4.2,31.883,271
2025,1,4.5,13.118,312
2025,1,4.4,10,298
2025,1,4.3,10,284
2025,1,5.1,11.338,401
2025,1,4.3,14.257,284
2025,1,4.8,10.872,354
2025,1,4.6,10,326
2025,1,4.6,10,326
2025,1,5.1,10,402
2025,1,6,16,748
2025,1,3.8,17.057,222
2025,1,4,27.202,246
2025,1,4.4,11.032,299
2025,1,4.4,37.082,298
2025,1,4.4,10,298
2025,1,4.6,14.126,326
2025,1,4.2,10,271
2025,1,4,10,246
2024,12,3.9,30.38,234
2024,12,4.6,24.705,328
2024,12,4,38.737,246
2024,12,4.3,21.959,284
2024,12,4.1,6.092,259
2024,12,4.7,22.842,340
2024,12,4.2,66.174,271
2024,12,4.4,108.433,298
2024,12,4.3,23.922,284
2024,12,4.1,25.896,259
2024,12,4.2,101.528,271
2024,12,4.9,16.258,369
2024,11,4.6,45.962,328
2024,11,4.1,10.21,259
2024,11,4.9,10,380
2024,11,4.1,25.91,259
2024,11,4.6,27.476,326
2024,11,5,25.833,386
2024,11,4,28.625,246
2024,11,4.2,10,271
2024,11,4.9,27.867,369
2024,10,4.8,14.486,357
2024,10,4.2,92.242,271
2024,10,4.7,31.216,342
2024,10,4.2,10,273
2024,10,4,10,246
2024,10,4.3,10,289
2024,10,4.5,10,312
2024,10,4.2,73.179,271
2024,10,4.5,10,312
2024,10,4.8,35,356
2024,10,4.3,33.588,285
2024,10,4.3,22.54,349
2024,10,4.1,9.336,259
2024,10,4.1,24.295,259
2024,10,4.4,34.296,298
2024,10,4.1,122.708,259
2024,10,4.1,269.438,259
2024,9,4.8,31.621,358
2024,9,4.1,20.391,259
2024,9,4.1,22.483,259
2024,9,4.6,27.603,326
2024,9,4.3,24.725,284
2024,9,3.9,46.059,234
2024,9,4.3,40.537,285
2024,9,4.5,45.444,312
2024,9,4.1,46.391,259
2024,9,4.4,10,298
2024,9,4.9,24.963,370
2024,9,4.3,56.799,284
2024,9,5,37.627,388
2024,8,4.5,24.514,312
2024,8,4.4,31.313,299
2024,8,4.3,23.568,285
2024,8,4.6,31.566,326
2024,8,4,24.054,246
2024,8,4.2,10,271
2024,8,3.9,19.235,234
2024,8,4.7,10,341
2024,8,4.3,18.529,285
2024,8,4,17.703,246
2024,8,4.7,10,340
2024,8,6.1,14,601
2024,8,4.5,11.962,312
2024,8,5.4,11.548,476
2024,8,4.3,11.979,285
2024,8,4.4,30.743,298
2024,7,4.7,33.867,340
2024,7,4.9,42.819,369
2024,7,4,20.413,248
2024,7,4,31.153,246
2024,7,4.3,41.748,284
2024,7,4.2,41.574,271
2024,7,4.4,21.751,298
2024,7,3.9,23.581,234
2024,7,4.1,28.866,259
2024,7,4.2,14.351,271
2024,6,4.8,244.07,355
2024,6,4.8,10,354
2024,6,4.1,5.181,259
2024,6,5,24.293,390
2024,6,4.2,40.156,271
2024,6,4,36.913,246
2024,6,4.4,18.145,298
2024,6,4,33.222,246
2024,6,3.8,39.912,222
2024,6,4.1,36.3,259
2024,6,4.4,31.257,298
2024,6,4.5,36.813,312
2024,6,4.1,38.506,259
2024,6,3.9,19.933,234
2024,6,4.1,23.9,259
2024,6,4.5,10,312
2024,6,5,10,385
2024,6,4.5,26.992,312
2024,5,5.2,25.304,432
2024,5,4.3,39.396,285
2024,5,4.4,36.995,298
2024,5,4.8,31.898,355
2024,5,4.6,26.427,326
2024,5,3.9,35.479,234
2024,5,3.8,26.622,222
2024,5,4.1,28.786,259
2024,5,3.9,29.484,234
2024,5,4.6,35.281,326
2024,5,4.4,23.869,298
2024,5,4.1,15.396,259
2024,5,3.9,10,234
2024,5,5.2,10,417
2024,5,4.1,57.317,259
2024,5,4.6,102.321,326
2024,5,4.2,26.828,271
2024,5,4.4,35.793,298
2024,5,4.3,26.835,284
2024,5,4.2,18.004,271
2024,5,4.3,41.225,284
2024,5,4.2,22.663,271
2024,5,4,35,246
2024,5,4.2,34.809,271
2024,5,4.1,10.101,259
2024,5,4.4,28.929,298
2024,5,4.6,14.668,326
2024,5,4.8,5.628,354
2024,5,5.8,11.296,529
2024,5,4.6,8.863,326
2024,5,4.7,10,340
2024,5,4.1,14.121,259
2024,5,4.4,31.254,298
2024,5,4.9,15.673,369
2024,5,4.2,21.403,271
2024,5,4.2,12.748,271
2024,5,5.2,28.949,440
2024,5,5.6,23.605,502
2024,5,4,27.061,246
2024,5,4.8,9.233,355
2024,4,4.7,16.961,340
2024,4,4.1,6.764,259
2024,4,4.4,37.744,298
2024,4,4.2,24.534,271
2024,4,4.4,39.701,299
2024,4,4.1,35.668,259
2024,4,3.9,10,234
2024,4,4.3,21.52,284
2024,4,4.5,24.687,312
2024,4,4.4,37.109,298
2024,4,5.2,40.475,430
2024,4,4.3,37.936,284
2024,4,5.7,37.767,581
2024,4,4.6,10,326
2024,4,4.3,27.492,284
2024,4,4.2,10,271
2024,4,4.2,23.538,271
2024,4,4.6,10.888,326
2024,4,4,13.362,246
2024,4,4.2,19.123,271
2024,4,5.3,27.095,432
2024,4,5.1,35.376,402
2024,4,4.3,29.786,284
2024,4,4.6,25.284,326
2024,4,4.9,15.421,369
2024,4,4.6,10,326
2024,4,4.3,10,284
2024,4,4.3,37.534,284
2024,4,4.1,10,259
2024,4,4,7.499,246
2024,4,4.5,7.397,312
2024,4,4.2,10,271
2024,4,4.2,11.202,271
2024,4,4.7,10,340
2024,4,4.5,13.519,312
2024,4,4.8,28.888,354
2024,4,5.1,10,401
2024,4,4.9,10,369
2024,4,4.7,10,340
2024,4,4.2,12.455,271
2024,4,4.4,10.162,298
2024,4,4.7,20.575,340
2024,4,4.8,15.046,354
2024,4,5,16.257,385
2024,4,4.7,15.411,340
2024,4,5.8,12,525
2024,4,4.5,19.858,312
2024,4,4.4,12.673,298
2024,4,4.4,13.451,298
2024,4,4.2,9.607,271
2024,4,4.3,14.513,284
2024,4,4.5,9.425,312
2024,4,4,16.394,247
2024,4,4.7,7.408,340
2024,4,5.4,8.991,449
2024,4,4.6,10,326
2024,4,5.1,8.497,400
2024,4,5.3,9.426,432
2024,4,4.8,14.522,354
2024,4,4.9,11.637,369
2024,4,5.4,5.83,449
2024,4,4.5,10.795,312
2024,4,4.9,16.114,369
2024,4,5.5,17,466
2024,4,4.3,21.514,284
2024,4,5.2,8.839,416
2024,4,4.9,15.828,369
2024,4,4.5,8.548,312
2024,4,4.9,16.307,369
2024,4,4.6,11.257,326
2024,4,5,8.683,385
2024,4,4.6,11.772,326
2024,4,4.2,11.867,271
2024,4,4.3,12.745,284
2024,4,4.2,18.778,271
2024,4,4.4,13.111,298
2024,4,6.1,10,711
2024,4,4.5,13.015,312
2024,4,4.8,10,354
2024,4,6.1,9,621
2024,4,4.3,10,284
2024,4,4.4,13.842,298
2024,4,4,10,246
2024,4,4.1,29.521,259
2024,4,4.5,8.641,312
2024,4,4.6,6.864,326
2024,4,4.4,7.732,298
2024,4,4.4,10.478,298
2024,4,5,8.222,385
2024,4,5.8,8,556
2024,4,4.5,14.471,312
2024,4,5.1,10,400
2024,4,4.6,20.568,326
2024,4,4.5,7.028,312
2024,4,5.1,10,400
2024,4,5,21.887,385
2024,4,4.4,10,298
2024,4,5.2,10,416
2024,4,4.7,10,340
2024,4,4.4,10,298
2024,4,4.5,10,312
2024,4,5,10,385
2024,4,4.8,10,354
2024,4,4.8,8.139,354
2024,4,5.1,10,401
2024,4,4.8,10,354
2024,4,4.6,10,326
2024,4,5.6,10,493
2024,4,5,10,385
2024,4,5.3,10,433
2024,4,4.7,10,340
2024,4,4.1,10,259
2024,4,4.8,17.783,354
2024,4,4.9,10,369
2024,4,5.2,27.828,416
2024,4,5.1,10,400
2024,4,5.2,16.265,421
2024,4,4.3,25.424,284
2024,4,4.7,32.956,342
2024,4,4.2,33.426,271
2024,4,4.1,38.627,259
2024,4,5.1,28.583,406
2024,4,4.4,16.639,298
2024,4,4.2,26.082,271
2024,4,4.7,27.816,340
2024,4,4.9,32.186,371
2024,4,4.6,27.269,326
2024,4,4,38.395,246
2024,4,4.3,16.123,285
2024,4,4.3,10.199,284
2024,4,4.6,10,326
2024,4,4.6,12.204,327
2024,4,4.5,16.962,312
2024,4,4.2,27.129,271
2024,4,4.1,34.814,259
2024,4,4.3,20.41,284
2024,4,4.3,127.376,284
2024,4,4,10,246
2024,4,4.4,29.814,298
2024,4,4.1,35.818,259
2024,4,4.2,24.417,272
2024,4,4.8,36.827,355
2024,4,4.4,36.54,298
2024,4,4.6,29.992,326
2024,4,4.6,37.544,326
2024,4,4.1,40.883,259
2024,4,4.5,15.62,312
2024,4,4.9,36.772,372
2024,4,4.4,37.053,298
2024,4,3.9,24.734,234
2024,4,4.5,15.977,312
2024,4,4.6,18.865,326
2024,4,4.1,16.855,259
2024,4,4.8,33.808,355
2024,4,4.3,17.403,284
2024,4,4.3,17.244,284
2024,4,5.2,29.453,417
2024,4,4.1,7.924,259
2024,4,4,29.682,246
2024,4,4.3,22.398,284
2024,4,4.7,26.385,340
2024,4,3.8,20.254,222
2024,4,4.2,37.771,271
2024,4,5,10,385
2024,4,4,19.562,246
2024,4,4.9,21.638,371
2024,4,4.5,18.734,312
2024,4,4.6,17.582,326
2024,4,4.2,10,271
2024,4,4.9,8.048,369
2024,4,4.3,28.654,284
2024,4,3.8,18.764,222
2024,4,4.3,27.455,284
2024,4,4,20.68,246
2024,4,4.7,10.708,340
2024,4,5,20.304,385
2024,4,4.3,27.702,284
2024,4,4.4,18.658,298
2024,4,4.5,22.917,312
2024,4,4.9,34.539,375
2024,4,4.4,20.481,298
2024,4,4.8,24.978,358
2024,4,4,24.859,246
2024,4,4.4,32.261,298
2024,4,4.5,27.771,312
2024,4,4.4,31.168,298
2024,4,4.1,36.928,259
2024,4,4.5,18.852,312
2024,4,4.3,10.589,284
2024,4,4.3,23.316,284
2024,4,4.2,29.008,271
2024,4,4.2,47.934,271
2024,4,4.3,42.985,284
2024,4,4.2,22.541,271
2024,4,4.1,18.648,259
2024,4,4.5,20.372,312
2024,4,4.3,36.409,284
2024,4,4.9,19.696,370
2024,4,4.2,21.744,271
2024,4,4.1,31.395,259
2024,4,4.6,21.797,326
2024,4,4.5,25.002,312
2024,4,4.5,20.011,312
2024,4,4.5,25.124,312
2024,4,4.4,38.527,298
2024,4,4,24.248,246
2024,4,4.3,25.537,285
2024,4,4.1,19.542,259
2024,4,4.2,35.049,271
2024,4,4.3,35.821,284
2024,4,3.8,15.456,222
2024,4,3.9,26.224,234
2024,4,4.1,37.514,259
2024,4,4.2,33.924,271
2024,4,4,34.34,246
2024,4,4,34.772,246
2024,4,4.1,17.133,259
2024,4,4.1,35.995,259
2024,4,4,26.199,246
2024,4,4.1,33.177,259
2024,4,4.2,20.14,272
2024,4,4.3,22.426,284
2024,4,4.3,26.281,284
2024,4,4.4,27.267,298
2024,4,4,36.522,246
2024,4,4.3,10,284
2024,4,4.2,21.102,271
2024,4,4.9,11.238,372
2024,4,4.3,10.508,284
2024,4,4.2,10,271
2024,4,4.5,13.91,312
2024,4,4.5,18.56,312
2024,4,4.5,13.854,312
2024,4,4.3,42.321,284
2024,4,4.5,35,312
2024,4,4.6,29.186,326
2024,4,4.7,32.802,340
2024,4,4.8,45.326,355
2024,4,4.4,31.838,298
2024,4,4.9,29.509,369
2024,4,4.1,26.879,259
2024,4,4.8,26.108,355
2024,4,4.5,36.09,312
2024,4,4.9,11.356,369
2024,4,4.2,30.479,271
2024,4,4.7,35,340
2024,4,4.5,35,312
2024,4,4,37.223,246
2024,4,4.4,35,298
2024,4,4.6,38.439,326
2024,4,4.6,10,326
2024,4,4.4,35,298
2024,4,4.6,37.881,326
2024,4,4.2,35,271
2024,4,4.5,35,312
2024,4,4.5,35,312
2024,4,4.2,35,271
2024,4,4.9,16.764,369
2024,4,5.1,13.194,401
2024,4,5,35.749,385
2024,4,5.7,41.798,503
2024,4,4.7,10,340
2024,4,4.5,35,312
2024,4,4,30.116,246
2024,4,4.1,35,259
2024,4,5.1,22.545,400
2024,4,4.9,35,369
2024,4,5.1,10,400
2024,4,4.5,10,312
2024,4,4.4,35,298
2024,4,4.8,22.496,354
2024,4,5.7,26.363,500
2024,4,5.3,16.869,432
2024,4,4.4,35,298
2024,4,4.4,37.27,298
2024,4,4.2,27.072,271
2024,4,5.1,6.723,400
2024,4,5,26.865,385
2024,4,4.2,35,271
2024,4,4.2,35,271
2024,4,4.6,35,326
2024,4,5.2,10,416
2024,4,4.5,35,312
2024,4,4.6,28.876,326
2024,4,4.5,35,312
2024,4,5,20.884,385
2024,4,4.5,35.37,312
2024,4,5.2,27.179,417
2024,4,4.3,34.298,284
2024,4,5.6,14.297,482
2024,4,5.3,10.789,432
2024,4,4.2,36.437,271
2024,4,4.5,37.038,312
2024,4,4.5,30.42,312
2024,4,5.6,15.864,484
2024,4,5,23.2,385
2024,4,4.9,28.742,369
2024,4,4.8,25.364,354
2024,4,4.3,18.631,284
2024,4,4.7,35,340
2024,4,5.2,38.611,416
2024,4,5.1,35,400
2024,4,4.8,36.322,354
2024,4,4.8,33.347,354
2024,4,6.4,13.931,667
2024,4,5,32.25,385
2024,4,7.4,40,1419
2024,4,4.2,22.636,272
2024,3,3.9,10.963,234
2024,3,4.1,43.862,259
2024,3,4.7,24.281,357
2024,3,4.6,19.486,328
2024,3,4.3,105.842,284
2024,3,3.7,28.261,211
2024,3,4.1,36.36,260
2024,3,4.3,10,284
2024,3,4.6,10,326
2024,2,4.4,17.492,301
2024,2,4.3,10,284
2024,2,4.9,7.575,378
2024,2,4.9,10,371
2024,2,4.1,36.182,259
2024,2,4.4,24.39,298
2024,2,4.5,28.793,312
2024,2,4.2,6.342,271
2024,2,4.1,124.826,259
2024,2,4.4,7.944,298
2024,2,4.3,10,284
2024,2,4.3,3.636,284
2024,2,4.4,10,299
2024,1,4.9,7.388,369
2024,1,5.1,7.2,417
2024,1,4.4,10,298
2024,1,4.8,24.159,355
2024,1,4.7,85.464,340
2024,1,4,25.874,246
2024,1,4,27.415,246
2023,12,4.1,10,259
2023,12,4.5,10,312
2023,12,4.7,19.226,340
2023,12,4.1,10,259
2023,12,4.2,17.741,271
2023,12,4.2,19.191,271
2023,12,4.5,54.234,312
2023,12,4.5,10,312
2023,12,4.4,184.352,298
2023,12,4.5,96.18,312
2023,12,4.3,27.877,284
2023,11,4.4,10,298
2023,11,4.9,25.584,373
2023,11,4.5,24.215,313
2023,11,4.2,39.249,271
2023,11,4.4,10,298
2023,11,4.9,34.076,376
2023,11,4.7,10,340
2023,10,4.3,42.68,284
2023,10,4.4,10,298
2023,10,4.6,38.537,326
2023,10,5.9,31,565
2023,10,4.4,17.261,300
2023,10,4.9,10,369
2023,10,4.3,25.536,284
2023,10,4.5,31.568,312
2023,10,4.9,20.448,371
2023,10,4.7,17.13,340
2023,10,5.2,16.025,434
2023,10,4.3,21.445,284
2023,9,4.4,100.034,298
2023,9,4.4,10,298
2023,9,4.2,35.079,271
2023,9,4.3,18.716,286
2023,9,4.9,11.597,380
2023,9,4.5,10,312
2023,9,4.6,11.54,326
2023,9,4.6,36.935,326
2023,8,4.2,78.336,271
2023,8,4.3,37.745,284
2023,8,4.6,31.363,326
2023,8,4.2,58.046,271
2023,8,4.7,10,340
2023,8,4.3,96.916,285
2023,8,4.4,34.334,298
2023,8,4.6,17.711,326
2023,8,4.3,10,284
2023,8,4.4,10,298
2023,8,4.3,10,284
2023,8,4.8,10,354
2023,8,4.9,10,369
2023,7,4.2,10,271
2023,7,4.1,10,259
2023,7,4.4,28.385,298
2023,7,4.6,23.068,327
2023,7,4.6,10,326
2023,7,4.6,10,326
2023,7,4.4,10,298
2023,7,4.5,10,312
2023,7,4.7,10,340
2023,7,4,10,246
2023,7,4.8,10,354
2023,7,5.1,10,400
2023,7,4.9,10,369
2023,7,5.6,4,486
2023,7,4.3,15.077,285
2023,6,4.2,10,271
2023,6,4.3,104.422,284
2023,6,4.3,20.356,284
2023,6,4.4,20.664,298
2023,6,3.7,10,211
2023,6,4.3,33.019,285
2023,6,4.3,22.189,284
2023,6,4.2,10,271
2023,6,4.4,15.402,298
2023,6,4.7,52.449,340
2023,6,4.7,21.189,341
2023,6,4.9,26.564,372
2023,6,4.3,43.708,284
2023,6,4.2,24.755,271
2023,5,4.4,31.36,298
2023,5,5.1,10,400
2023,5,4.2,27.224,271
2023,5,4.5,29.709,312
2023,5,4.6,10,326
2023,5,4.9,112.539,369
2023,5,4.4,10,298
2023,5,4.6,15.123,327
2023,4,4.6,10.304,326
2023,4,4,27.198,246
2023,4,4.2,115.26,271
2023,4,4.5,10,312
2023,4,4.1,32.428,259
2023,4,4.1,14.172,259
2023,4,4.4,10,298
2023,4,4.4,31.337,298
2023,4,4.3,10,285
2023,3,4.5,11.722,312
2023,3,4.3,31.472,285
2023,3,4.2,10,271
2023,3,4.4,7.202,300
2023,3,4.5,5.869,312
2023,3,5.2,8.327,420
2023,3,4.2,6.613,271
2023,3,4.5,28.085,312
2023,3,4.4,21.787,298
2023,3,4.4,111.635,298
2023,3,4.4,7.189,298
2023,2,4.6,10,326
2023,2,4.4,11.421,298
2023,2,4.2,10,271
2023,2,4.5,19.786,314
2023,2,4.7,18.014,341
2023,2,4.7,35.037,340
2023,2,4.8,32.526,358
2023,2,4.3,44.844,284
2023,2,4.8,20.266,356
2023,1,4.2,34.693,271
2023,1,4.3,24.153,284
2023,1,4,25.412,246
2023,1,4.3,185.45,285
2023,1,4.9,32.749,371
2023,1,4.2,27.466,271
2023,1,4.2,17.169,271
2023,1,4.2,17.452,271
2023,1,4.3,10,284
2023,1,4.3,10,285
2023,1,4.4,6.473,298
2023,1,4.2,39.669,271
2023,1,3.8,10,222
2023,1,4.5,29.844,312
2023,1,4.1,31.485,259
2022,12,4.6,23.668,326
2022,12,4.8,11.847,355
2022,12,4.8,17.762,355
2022,12,5.9,13,561
2022,12,4.2,21.869,271
2022,12,4.3,10,284
2022,12,4.5,20.148,312
2022,12,5.2,29.247,418
2022,11,4.6,14.685,326
2022,11,4.2,35.799,271
2022,11,4.2,263.919,271
2022,11,4.3,31.343,284
2022,11,4.8,33.577,359
2022,11,4.7,74.154,342
2022,11,3.8,10,222
2022,11,4.7,10.426,340
2022,11,4.4,10,298
2022,11,4.1,15.623,259
2022,11,4.5,10,312
2022,11,4.9,10,369
2022,11,4.6,10,326
2022,11,3.9,18.24,234
2022,11,5.2,12.643,417
2022,11,4.2,35.962,271
2022,11,4.3,10,284
2022,11,4.5,10,312
2022,11,5,111.219,385
2022,11,4.1,19.977,259
2022,10,4.9,10,369
2022,10,4.6,66.027,327
2022,10,4.2,37.203,271
2022,10,4.5,10,312
2022,10,5,10.274,385
2022,10,4.9,10,369
2022,10,5.5,15,479
2022,10,4.7,19.449,341
2022,10,4.4,10,298
2022,10,4.2,10,271
2022,10,4.3,10.796,284
2022,10,4.7,28.658,340
2022,10,4.7,25.477,340
2022,9,4.6,10,326
2022,9,4.5,10,312
2022,9,4.5,10,312
2022,9,5.1,20.737,400
2022,9,4.2,16.722,271
2022,9,4.4,10.083,298
2022,9,5.5,9,471
2022,9,4.1,8.015,259
2022,9,4.2,10,271
2022,9,4.2,10.723,271
2022,9,5.9,10,536
2022,9,4.2,16.271,271
2022,9,4.3,13.585,284
2022,9,5.2,10,416
2022,9,4.2,10,271
2022,9,5,10,385
2022,9,6.9,10,893
2022,9,5.3,10,432
2022,9,4.6,10,327
2022,9,5.6,11,497
2022,9,4.3,10,285
2022,9,3.9,10,234
2022,9,4.2,10,271
2022,9,4.4,111.107,298
2022,9,4.7,10,340
2022,9,4.7,10,340
2022,9,4.5,10,312
2022,9,4,10,246
2022,9,4.4,39.678,298
2022,9,4.6,18.172,326
2022,9,4.4,10,298
2022,9,4.6,10,326
2022,9,5.5,10,469
2022,9,5.1,10,403
2022,9,4.9,10,369
2022,9,6.5,10,749
2022,9,4.9,22.031,370
2022,9,4.3,10,284
2022,9,4.4,18.044,298
2022,8,4.4,9.726,298
2022,8,4.3,13.647,284
2022,8,4.7,27.833,340
2022,8,4.4,31.72,298
2022,8,4.1,33.788,259
2022,8,4.4,20.223,298
2022,8,4.9,10,369
2022,8,4.1,32.605,259
2022,7,4.6,41.163,326
2022,7,4.9,32.784,370
2022,7,4.2,10,271
2022,7,4.3,100.61,284
2022,7,4.2,10,271
2022,7,4.4,10,298
2022,7,4.5,92.4,312
2022,7,4.3,8.54,285
2022,7,4.4,9.27,298
2022,6,4.5,10,312
2022,6,4.5,10,312
2022,6,5.3,10,436
2022,6,5,10,385
2022,6,4.4,10,298
2022,6,5,10,385
2022,6,4.2,10,271
2022,6,4.6,10,326
2022,6,4,10,246
2022,6,5,10,385
2022,6,4.2,10,271
2022,6,4.2,70.28,271
2022,6,4.9,10,369
2022,6,4.3,10,284
2022,6,4.7,10,340
2022,6,4.4,10,298
2022,6,4.2,10,271
2022,6,4.3,49.71,284
2022,6,4.4,5.91,298
2022,6,5.1,25.65,401
2022,6,4.2,10,271
2022,6,4.6,10,326
2022,6,4.4,10,298
2022,6,4.3,10,284
2022,6,4.3,10,284
2022,6,4.2,10,271
2022,6,5.1,10,400
2022,6,5.9,8,551
2022,6,4.1,16.81,259
2022,6,4.4,10,298
2022,6,4.2,10,271
2022,6,4.4,10,298
2022,5,4.2,10,271
2022,5,4.3,10,284
2022,5,4.3,24.65,284
2022,5,4.2,8.94,271
2022,5,4.6,10,326
2022,5,4.6,10,326
2022,5,4.2,27.14,271
2022,5,4.3,10,284
2022,5,4,28.44,246
2022,5,4.4,112.54,298
2022,5,4.6,24.97,326
2022,5,5,24.89,385
2022,5,4.4,23.52,298
2022,5,4.1,26.84,259
2022,5,4.4,27.57,298
2022,5,6.2,21,603
2022,5,4.2,28.36,271
2022,5,4.5,31.35,312
2022,4,4.2,35,271
2022,4,4.5,32.6,312
2022,4,4.3,71.2,285
2022,4,4.2,34.44,271
2022,4,4,25.58,246
2022,4,4.4,10.57,298
2022,4,4.5,10,312
2022,4,5.3,10,433
2022,4,4.2,29.75,271
2022,4,4.9,6.01,369
2022,4,4.4,10,298
2022,4,4.6,10,326
2022,4,4,10,246
2022,4,4.6,10,326
2022,4,5,10,385
2022,4,4.4,10,298
2022,4,4.1,10,259
2022,4,4.7,10,340
2022,4,4.4,14.83,298
2022,4,4.5,10,312
2022,4,4.5,10,312
2022,4,4.9,10,369
2022,4,5.3,10,432
2022,4,4.3,2.67,284
2022,4,4.3,10,284
2022,4,4.9,10,369
2022,4,5.3,15.99,432
2022,4,4.2,10,271
2022,4,5.7,10,501
2022,4,4.6,15.79,326
2022,4,4.4,9.64,298
2022,4,4.5,10,312
2022,4,4.2,10,271
2022,4,4.4,11.75,298
2022,3,4.4,24.17,298
2022,3,4.1,10,259
2022,3,4.4,10,298
2022,3,4.6,10,326
2022,3,4.4,182.2,298
2022,3,4.3,23.7,284
2022,3,3.8,25.31,222
2022,3,5.2,20.06,418
2022,3,4.1,18.84,259
2022,3,4.7,10,340
2022,3,4.5,9.75,312
2022,3,4.3,27.9,284
2022,3,4.5,10,312
2022,3,4.5,10,312
2022,3,4.4,10,298
2022,3,4.2,23.11,271
2022,3,4.3,19.82,284
2022,3,4.7,12.98,340
2022,3,4.5,27.81,312
2022,3,5.8,18,519
2022,3,5.5,24,467
2022,3,4.3,20.64,284
2022,3,4.5,85.34,312
2022,3,5,26.38,385
2022,3,4.5,27.55,312
2022,3,4.8,25.73,354
2022,3,5.1,11.79,400
2022,3,4.6,23.65,326
2022,3,4.6,23.51,326
2022,3,4.8,10,355
2022,3,5.9,16.66,539
2022,3,6.7,24,806
2022,3,5,28.93,386
2022,3,4.9,18.32,369
2022,3,4.5,10,312
2022,3,4.5,10,313
2022,3,4.9,10,369
2022,3,4.3,10,285
2022,3,4.1,10,259
2022,3,5.2,32.63,419
2022,3,4.4,113.49,298
2022,2,4.5,25.88,312
2022,2,4.7,10,340
2022,2,4.5,10,312
2022,2,4.4,10,298
2022,2,4.5,24.35,312
2022,2,4,17.65,246
2022,2,4.5,21.91,312
2022,2,4.3,23.67,284
2022,2,4.7,10,340
2022,2,5.3,10,445
2022,2,4.4,10,298
2022,2,4.9,28.59,369
2022,2,4.6,24.83,326
2022,2,5.1,30.01,406
2022,1,4.5,64.49,314
2022,1,4.7,193.58,340
2022,1,5.2,54.78,419
2022,1,4.2,10,271
2022,1,4.1,25.4,259
2022,1,4.4,66.48,298
2022,1,4.2,10,271
2022,1,4.6,10,327
2022,1,4.3,10,284
2022,1,4.5,22.67,313
2022,1,4.3,22.68,284
2022,1,5,23.34,386
2022,1,6.2,19,628
2021,12,5.3,20.94,434
2021,12,4,21.38,246
2021,12,4.7,104.74,341
2021,12,4.3,25.34,284
2021,12,4.5,10,312
2021,12,4.4,10,298
2021,11,4.6,4.91,326
2021,11,4.3,33.86,284
2021,11,4.2,35,271
2021,11,4.9,26.25,371
2021,11,4.5,16.25,312
2021,11,4.4,91.7,298
2021,11,4.9,12.37,371
2021,11,5,71.34,389
2021,11,4.5,10,312
2021,11,4.8,27.86,354
2021,11,4.4,40.04,298
2021,10,4.1,10,260
2021,10,6.2,69,673
2021,10,4.1,28.94,259
2021,10,4.1,27.65,259
2021,10,5.1,10,403
2021,10,4.8,32.49,355
2021,10,4.8,10,354
2021,10,4.2,81.31,271
2021,10,4.6,9.83,327
2021,9,4.4,150.15,298
2021,9,5,45.64,391
2021,9,4.3,101.75,285
2021,9,4.2,10,271
2021,9,4.9,51.81,373
2021,9,4.7,33.45,340
2021,9,5.2,27.47,421
2021,9,4.2,10,272
2021,8,4.3,10,284
2021,8,4,19.94,246
2021,8,4.8,10,354
2021,8,4.2,15.24,271
2021,8,4.3,9.74,284
2021,8,4.7,10,340
2021,8,4.8,45.13,354
2021,8,4.4,7.77,298
2021,8,4.6,17.04,326
2021,8,5.2,7.27,417
2021,8,5.3,10,435
2021,8,4.4,46.83,298
2021,8,4.3,15.49,284
2021,8,5.1,10,400
2021,8,4.7,12.38,340
2021,8,5.8,10,531
2021,8,4.2,106.12,271
2021,8,4.2,10,271
2021,7,4.7,4.75,340
2021,7,4.7,34.98,340
2021,7,4.6,10,326
2021,7,4.2,6.56,271
2021,7,4.3,8.07,284
2021,7,4.6,10,326
2021,7,4.2,6.9,271
2021,7,4.3,5.89,284
2021,7,4.3,10,284
2021,7,4.7,10,340
2021,7,4.4,10,298
2021,7,4.7,10,341
2021,7,5.2,10,418
2021,7,5.1,7.05,405
2021,7,4.5,10,312
2021,7,5.1,8.1,409
2021,7,4.7,10,340
2021,7,4.4,10,298
2021,6,4.6,65.56,326
2021,6,4.5,19.58,312
2021,6,4.4,82.49,298
2021,6,4.9,25.64,370
2021,6,4.9,11.07,369
2021,6,4.2,100.05,271
2021,6,4.1,52.04,259
2021,6,4.4,10,298
2021,6,4.4,10,298
2021,6,5,5.49,385
2021,6,4.5,10,312
2021,6,4.7,10,340
2021,6,5.2,8.64,420
2021,6,4.2,10,271
2021,6,4.9,5.41,369
2021,6,4.2,12.77,271
2021,6,4.5,6.56,312
2021,6,4.1,10,259
2021,6,4.4,10,298
2021,6,4.2,10,271
2021,6,4.4,10,298
2021,6,4.3,10,284
2021,6,4.1,6.88,259
2021,6,4.1,10,259
2021,6,4.2,8.9,271
2021,6,4.3,15.92,284
2021,6,4.2,10,271
2021,6,4.3,10,284
2021,6,4.2,10,271
2021,6,4.2,17.92,271
2021,6,4.4,10,298
2021,6,4.1,10,259
2021,6,4.3,10,284
2021,6,4.6,10,326
2021,6,4.4,10,298
2021,6,4.1,10,259
2021,6,4.4,13.15,298
2021,6,4.6,10,326
2021,5,4.2,14.48,271
2021,5,4.3,40.32,284
2021,5,4.3,10,284
2021,5,4.4,10,298
2021,5,4.6,10,326
2021,5,4.4,10,298
2021,5,4.2,10,271
2021,5,4.8,7.78,354
2021,5,4.8,5.61,354
2021,5,4.5,7.85,312
2021,5,4.1,10,259
2021,5,4.3,11.65,284
2021,5,4.2,10,271
2021,5,4.4,10,298
2021,5,4.2,12.33,271
2021,5,4.4,10,298
2021,5,4.3,15.92,284
2021,5,4.4,10,298
2021,5,4.5,10,312
2021,5,4.4,13.47,298
2021,5,4.6,7.36,326
2021,5,4.1,10,259
2021,5,4.3,18.79,284
2021,5,4.5,7.02,312
2021,5,4.1,34.46,259
2021,5,4,10,246
2021,5,4.8,10,354
2021,5,4.4,10,298
2021,5,4.2,10,271
2021,5,4.8,6.27,354
2021,5,4.7,10,340
2021,5,4.9,10,369
2021,5,4.5,10,312
2021,5,4.6,10,326
2021,5,4.6,10,326
2021,5,4.1,10,259
2021,5,4.5,11.6,312
2021,5,4.4,10,298
2021,5,4.1,14.64,259
2021,5,4.2,10,271
2021,5,4.2,7.72,271
2021,5,4.6,8.42,326
2021,5,4.6,2.19,326
2021,5,4,17.35,246
2021,5,4.5,7.08,312
2021,5,4.6,10,326
2021,5,4.3,10,284
2021,5,4.3,10,284
2021,5,4.3,10,284
2021,5,4.2,9.2,271
2021,5,4.6,10,326
2021,5,4.4,10,298
2021,5,4.3,10,284
2021,5,4.6,10,326
2021,5,4.3,12.41,284
2021,5,4.4,10,299
2021,5,4.3,10,284
2021,5,4.6,7.91,326
2021,5,4.5,10,312
2021,5,4.1,10,259
2021,5,4.1,10,259
2021,5,4.6,4.01,326
2021,5,4,10,246
2021,5,4.7,10,340
2021,5,4.4,10,298
2021,5,4.5,9.74,312
2021,5,4.3,12.3,284
2021,5,4.6,10,326
2021,5,4.2,10,271
2021,5,4.4,16.4,298
2021,5,3.9,10.46,234
2021,5,4.3,10,284
2021,5,4.5,10,312
2021,5,4.1,16.35,259
2021,5,4.7,95.25,340
2021,4,4.5,10,312
2021,4,4.7,10,340
2021,4,4.1,10,259
2021,4,4.4,10,298
2021,4,4.5,10,312
2021,4,4.1,256.27,259
2021,4,4.4,10,298
2021,4,5.8,12,580
2021,4,5.5,10,482
2021,4,4.5,20.33,312
2021,4,4.5,26.43,312
2021,4,4.4,10.84,298
2021,4,4.3,11.86,284
2021,4,4.3,10,284
2021,4,4.3,10.41,284
2021,4,4.4,10,298
2021,4,4.1,22.12,259
2021,4,4.3,15.27,284
2021,3,4.9,98.75,369
2021,3,4.5,10,312
2021,3,4.1,10,259
2021,3,4.6,10,326
2021,3,4.3,10,284
2021,3,4.6,10,326
2021,3,5.5,31.63,467
2021,2,4.3,158.82,284
2021,2,4.7,109.25,340
2021,2,5.1,15.55,401
2021,2,4.5,18.88,312
2021,2,4.6,10,326
2021,2,4.2,10,271
2021,2,5.2,29.76,432
2021,2,5.1,64.05,401
2021,2,4,35.12,246
2021,2,5.4,110.16,453
2021,2,4.3,10,284
2021,2,5.4,10,449
2021,1,4.6,9.2,326
2021,1,4,10,246
2021,1,4.9,10,369
2021,1,4.3,102.24,284
2021,1,4.3,10,284
2021,1,5.1,14.61,403
2021,1,4.6,13.55,326
2021,1,4.9,75,374
2021,1,4.4,10,298
2021,1,4.1,10,259
2021,1,4.5,23.93,312
2020,12,4.3,10,284
2020,12,4.4,29.71,298
2020,12,4.4,70.97,298
2020,12,4.9,66.38,372
2020,12,6.1,71,680
2020,12,4.9,36.51,380
2020,11,4.9,31.62,370
2020,11,4.6,10,326
2020,11,4.7,10,340
2020,11,4.7,58.8,340
2020,11,4.4,10,298
2020,11,4.5,10,312
2020,11,4.1,10,259
2020,11,4.9,10,369
2020,11,5,10,385
2020,11,4.9,21.08,370
2020,11,4.9,26.83,369
2020,11,4.6,108.64,326
2020,11,4.2,10,271
2020,10,4.3,64.03,284
2020,10,4.3,63.63,284
2020,10,4.2,241.36,271
2020,10,4.6,10,335
2020,10,4.3,12.12,285
2020,9,5,106.01,391
2020,9,4.9,20.33,370
2020,9,4.9,20.25,372
2020,9,4,19.08,246
2020,9,4.1,8.41,259
2020,9,4.3,25.35,285
2020,9,4.6,10,326
2020,9,4.1,38.09,259
2020,9,4.5,17.83,312
2020,9,4.3,30.97,284
2020,8,4.1,10,259
2020,8,4.5,13.9,312
2020,8,4.4,15.32,298
2020,8,4.6,10,326
2020,8,4.5,15.42,312
2020,8,4.5,35.58,312
2020,8,4.3,75.46,284
2020,7,4.5,10,312
2020,7,5.2,56.29,422
2020,7,4.4,20.51,298
2020,7,4.4,140.01,298
2020,7,4.1,29.34,259
2020,7,4.3,29.7,285
2020,7,4.2,26.69,271
2020,6,4.3,35,284
2020,6,4.5,62.25,312
2020,6,4.2,22.92,271
2020,6,4.7,10,341
2020,6,4.3,41.67,284
2020,6,4.4,65.8,298
2020,6,4,10,246
2020,6,4.4,10,298
2020,6,4.5,10,312
2020,6,4,18.41,246
2020,6,5.4,53.65,454
2020,6,4.1,23.87,259
2020,6,4.4,82.21,298
2020,6,4.4,24.71,298
2020,6,4.9,10,371
2020,5,4.5,17.95,312
2020,5,4,15.06,246
2020,5,4.7,17.42,345
2020,5,4.1,273.85,259
2020,5,4.4,23.96,298
2020,5,4.6,10,326
2020,5,4.4,10,298
2020,5,4.1,189.7,259
2020,5,4.3,103.56,284
2020,5,5.2,41.81,434
2020,4,4.2,28.59,271
2020,4,4.6,38.27,327
2020,4,4.4,26.25,298
2020,4,4.2,51.33,271
2020,3,4.3,37.15,284
2020,3,3.8,25.87,222
2020,2,4.8,10,355
2020,2,5,10,394
2020,2,4.3,78.78,284
2020,2,4.4,10,298
2020,2,4.1,18.05,259
2020,2,4.5,10,312
2020,2,4.8,9.41,356
2020,2,4.9,10,375
2020,2,5.3,10,460
2020,2,4.6,35,326
2020,2,4.6,35.65,328
2020,2,4,53.84,246
2020,2,4.9,31.25,371
2020,2,4,96.45,246
2020,1,4.4,5.46,298
2020,1,4.6,10,326
2020,1,4.6,20.26,326
2020,1,4.7,10,340
2020,1,4.2,10,271
2020,1,4.4,29.29,298
2020,1,4.3,31.78,284
2020,1,4.5,16.84,312
2019,12,4.6,12.21,329
2019,12,4.5,28.06,312
2019,12,5,35,396
2019,12,4.4,10,298
2019,12,4.5,10,312
2019,12,4.4,10,299
2019,12,4.5,101.14,312
2019,11,5,9.59,389
2019,11,4,111.08,246
2019,11,4.2,171.48,271
2019,11,4.4,32.63,298
2019,10,5.1,17.82,406
2019,10,4.4,5.82,298
2019,10,4.4,17.02,298
2019,9,4.2,10,271
2019,9,4.5,14.84,312
2019,9,4,35,246
2019,9,4.1,23.15,259
2019,9,4.6,10,326
2019,9,4.8,59.01,354
2019,9,4.4,27.07,298
2019,9,4.3,10,284
2019,8,4.5,10.68,312
2019,8,4.8,14.26,354
2019,8,4.2,113.19,271
2019,8,4.9,10,370
2019,8,4.6,10,326
2019,8,3.9,10.48,234
2019,8,4,63.83,246
2019,8,5.8,20.79,713
2019,8,4.5,10,323
2019,8,4.8,10,355
2019,8,4.6,3.99,326
2019,8,4.9,10,369
2019,7,4.2,64,272
2019,7,4.6,10,326
2019,7,4.5,10,312
2019,7,4.4,20.57,298
2019,7,4,60.69,246
2019,7,5.1,18.21,401
2019,7,4.7,10,340
2019,6,5,20.49,385
2019,6,4.3,155.67,284
2019,6,4.1,144.54,259
2019,6,4.4,10,298
2019,6,4.3,158.59,284
2019,6,4.1,32.63,259
2019,6,4.5,19.2,312
2019,6,5.5,10,476
2019,5,4.6,10,330
2019,5,4,22.44,246
2019,5,4.7,16.6,340
2019,5,4.3,10,284
2019,5,4.4,15.97,298
2019,5,4.4,25.34,298
2019,5,4.6,10,326
2019,5,4.1,10,259
2019,5,4.4,88.92,298
2019,5,4.4,128.11,298
2019,5,4.5,26.51,312
2019,5,4.5,35,315
2019,5,3.7,12.98,211
2019,4,4.1,10,259
2019,4,6.1,20,735
2019,4,4.4,16.57,298
2019,4,4.5,23.34,312
2019,4,5,11.8,385
2019,4,4.8,7.13,357
2019,4,5,10,386
2019,4,4.1,22.41,259
2019,4,4.5,23.99,312
2019,4,5.2,6.4,420
2019,4,5.4,10,479
2019,4,4.9,10,369
2019,4,4.5,17.63,312
2019,4,4.2,130.15,273
2019,3,4.1,220.29,259
2019,3,4.6,80.53,326
2019,3,4.4,85.4,299
2019,3,4,20.33,246
2019,3,4.6,16.83,326
2019,3,4.7,30.66,345
2019,3,4.6,137.13,328
2019,3,4,258.35,246
2019,3,5.4,13,451
2019,2,4.2,102.37,271
2019,2,4.6,43.26,326
2019,2,4.6,7.78,326
2019,2,4.5,11.38,312
2019,2,3.5,9.03,190
2019,2,4.4,10,302
2019,1,5,10,385
2019,1,5.3,24.94,437
2019,1,4.7,24.38,341
2019,1,4.2,40.56,271
2019,1,4.4,10,298
2019,1,4.9,22.57,372
2019,1,4.3,56.52,284
2019,1,4.4,5.78,298
2019,1,4.8,10,354
2018,12,4.1,10,259
2018,12,4.5,37.04,312
2018,12,4.4,10,298
2018,12,5.1,19.28,406
2018,12,4.5,11.74,312
2018,12,5.1,16.6,404
2018,11,4.9,26.3,370
2018,11,4.4,10,300
2018,11,4.4,82.43,298
2018,11,4.3,35,285
2018,11,4.1,32.75,259
2018,11,4.8,18.57,354
2018,11,4.5,22.11,312
2018,11,4.7,14.34,340
2018,11,4.2,10,271
2018,10,4.4,10,298
2018,10,5.7,31,510
2018,10,5.8,30,534
2018,10,4.1,58.17,259
2018,10,4.5,10,312
2018,10,4.3,10,284
2018,9,4.4,44.19,298
2018,9,4.4,11.84,298
2018,9,4.4,45.89,298
2018,9,4.1,6.74,259
2018,9,4.4,34.85,298
2018,9,4.5,22.54,312
2018,9,4.5,10,312
2018,8,4.4,10,298
2018,8,4.6,20.1,330
2018,8,4.5,10,312
2018,8,4.2,114.21,271
2018,8,3.9,97.49,234
2018,8,4.1,10,259
2018,8,4.2,10,271
2018,7,4.1,10,259
2018,7,4.6,12.37,326
2018,7,4.3,10,285
2018,7,4.3,10,285
2018,7,4.1,7,259
2018,7,4.6,10,326
2018,7,4.2,10,273
2018,6,4.3,8.88,284
2018,6,4.2,49.38,271
2018,6,4.4,67.07,298
2018,6,4.7,10,340
2018,6,4.4,126.19,298
2018,6,4.7,65.56,343
2018,6,4.5,33.81,312
2018,6,4.3,20.24,284
2018,6,4.3,16.98,284
2018,6,4.7,10,348
2018,6,4.5,10.29,312
2018,6,4.3,10,284
2018,6,4.2,23.99,272
2018,6,4.1,15.72,259
2018,5,4.6,10,326
2018,5,4.4,14.44,298
2018,5,4.5,45.36,312
2018,5,5.1,19.26,410
2018,5,4.2,61.87,271
2018,4,4.1,10,259
2018,4,4.5,10,312
2018,4,4.9,10,369
2018,4,4.2,19.25,271
2018,4,4.3,68.78,284
2018,4,3.5,10,189
2018,4,4.6,16.31,327
2018,4,4.6,16.98,326
2018,4,4.4,28.36,299
2018,3,4.8,10.45,358
2018,3,4.4,70.94,300
2018,3,4.9,12.82,376
2018,3,4.4,10,298
2018,3,4.4,83.05,300
2018,3,4.4,10,298
2018,3,4.6,9.96,327
2018,3,5,46.31,385
2018,2,5.1,10,410
2018,2,5,22.24,395
2018,2,5,55.67,440
2018,2,4.3,10,284
2018,2,4.6,8.2,326
2018,2,4.5,10,312
2018,2,4.3,28.25,284
2018,2,4.2,12.29,271
2018,2,4.5,10,312
2018,2,4.7,10,340
2018,2,4.7,10,340
2018,2,4.5,7.08,312
2018,2,4.8,7.59,357
2018,2,4.4,10,298
2018,2,5.7,15,554
2018,2,4.6,10,326
2018,2,4.8,8.65,355
2018,2,4.8,10,354
2018,2,4.1,10,259
2018,2,4.8,10,354
2018,2,4.8,7.15,355
2018,2,4.7,10,340
2018,2,4.6,10,326
2018,2,4.8,10,354
2018,2,4.2,7.96,271
2018,2,4.7,8.12,340
2018,2,4.9,7.88,369
2018,2,5.4,14,453
2018,2,5.2,9.26,417
2018,2,5.2,4.9,416
2018,2,4.5,3.67,312
2018,2,5.1,10,401
2018,2,4.4,8,298
2018,2,6.4,17,869
2018,2,4.6,6.24,326
2018,2,4.8,9.4,354
2018,2,3.9,10.14,234
2018,2,4.4,10.69,298
2018,2,4.8,8.42,357
2018,2,4.7,10,340
2018,2,4.5,7.69,312
2018,2,4.6,12.77,326
2018,2,4.8,7.19,354
2018,2,5.5,9.14,465
2018,2,4.7,10,340
2018,2,4.9,9.85,369
2018,2,4.7,10,340
2018,2,6.1,12,738
2018,2,4.3,10.39,284
2018,2,5,10.15,389
2018,2,4.8,11.14,355
2018,1,4,146.15,246
2018,1,4.5,10,312
2018,1,4.5,140.3,320
2018,1,4.2,10,271
2017,12,4.2,10,271
2017,12,4.2,10,271
2017,12,4.4,28.15,298
2017,12,4.3,21.21,284
2017,12,4.8,73.65,355
2017,12,4.8,26.84,354
2017,11,4.5,17.09,312
2017,11,5.1,16.47,442
2017,11,4.5,14.72,312
2017,11,4,72.66,246
2017,11,4.9,16.38,375
2017,11,4.6,19.61,326
2017,11,4.5,13.84,312
2017,11,4.9,29.6,369
2017,11,4.7,10,340
2017,11,4.5,10,312
2017,11,4.3,10,284
2017,11,4.5,10,312
2017,10,4,24.66,246
2017,10,4.9,24.96,370
2017,10,4.7,10,340
2017,10,4.3,26.45,284
2017,10,4.5,113.39,312
2017,10,4.6,20.23,326
2017,10,4.4,6.74,298
2017,9,4.6,21.14,326
2017,9,5.4,20.22,462
2017,9,4.2,22.49,271
2017,9,4.3,68.23,284
2017,9,4.2,10,271
2017,8,4.4,27.26,298
2017,8,4.1,113.01,259
2017,8,4.5,59.62,312
2017,8,4.5,18.06,312
2017,8,4.4,25.43,298
2017,8,4.2,10,271
2017,7,4.5,86.07,312
2017,7,4.4,10,298
2017,7,4.4,34.48,298
2017,7,4.4,31.81,298
2017,7,4.1,5.6,259
2017,7,4,183.98,246
2017,6,4.2,62.62,272
2017,6,4.4,198.71,299
2017,6,3.9,23.12,234
2017,6,4.1,13.71,259
2017,6,4.6,10,326
2017,5,4.2,10,271
2017,5,4.7,10,340
2017,5,4.4,15.53,298
2017,5,4.5,13.48,317
2017,5,4.6,24.11,326
2017,5,5.3,16.31,436
2017,5,4.3,12.54,284
2017,5,4,17.89,246
2017,5,4.2,29.05,271
2017,4,5.2,105.5,417
2017,4,4.1,10,259
2017,4,4.3,6.9,284
2017,4,4.7,179.31,340
2017,3,4.5,21.13,312
2017,3,4.1,10,259
2017,3,4,125.44,246
2017,3,4.6,58.07,334
2017,2,4.9,44.01,370
2017,2,4.1,262.75,259
2017,2,4.7,10,340
2017,2,5.3,15.76,483
2017,1,4.6,10,326
2017,1,4.3,45.88,284
2017,1,4.6,38.12,326
2017,1,4.4,91,298
2017,1,4.3,6.22,284
2017,1,4.4,54.93,298
2016,12,4.3,77.21,284
2016,12,4.3,20.22,285
2016,12,4.2,28.59,271
2016,12,4,10,246
2016,12,4.9,10,369
2016,12,4.4,10,298
2016,12,4.4,10,298
2016,12,4.5,63.2,315
2016,12,4.4,17.91,298
2016,12,4.2,15.44,271
2016,12,4.1,17.66,259
2016,11,4.6,10,326
2016,11,4.5,26.1,312
2016,11,4.3,25.7,284
2016,11,4.5,10,312
2016,11,4.3,21.16,284
2016,11,5.3,24.12,440
2016,11,4.6,29.77,326
2016,11,4.9,27.58,372
2016,11,4.9,12.21,370
2016,10,4.5,23.99,312
2016,10,4.9,8.95,370
2016,10,4.5,53.5,312
2016,10,4.4,15.4,298
2016,10,5.8,14,541
2016,9,4.8,95.04,355
2016,9,4.2,114.44,271
2016,9,4.3,22.97,284
2016,8,4.5,11.84,316
2016,8,4.7,46.08,340
2016,8,4.2,10,271
2016,8,4.2,12.31,271
2016,8,4.4,102.69,298
2016,7,4.3,3.54,284
2016,7,4.3,33.46,284
2016,7,4.2,10,271
2016,7,4.3,16.78,284
2016,7,4.1,10,259
2016,7,4,158.21,246
2016,7,4.7,22.15,340
2016,6,4.4,6.89,298
2016,6,4.4,109.87,298
2016,6,4.3,10,284
2016,6,4.3,231.63,284
2016,6,4.4,36.8,298
2016,6,4.2,16.69,271
2016,5,6.4,246.4,651
2016,5,4.5,43.77,312
2016,5,4.5,11.85,312
2016,5,4.1,24.84,259
2016,5,4.6,8.24,326
2016,5,4.8,13.66,355
2016,5,4.2,9.9,271
2016,5,4.7,44.45,340
2016,5,4.3,14.2,284
2016,5,4,5.95,246
2016,5,4.4,5.05,298
2016,5,4.6,7.72,326
2016,5,4.5,9.33,312
2016,5,5.1,9.25,402
2016,5,4,11.24,246
2016,5,5.7,9,507
2016,5,4.4,17.53,298
2016,5,4.4,7.5,298
2016,5,5.8,8,535
2016,5,4.6,10,327
2016,5,4.5,10,312
2016,5,4.4,25.89,298
2016,5,4.1,10.46,259
2016,5,4.6,12.08,326
2016,4,4.5,12.59,312
2016,4,4.1,17.02,259
2016,4,4,15.63,246
2016,4,4.2,14.26,271
2016,4,5,10,385
2016,4,4.3,10,285
2016,4,4.5,10.68,312
2016,4,4.7,11.28,340
2016,4,5.5,13,482
2016,4,4.3,11.44,284
2016,4,5.3,10,432
2016,4,4.3,33.26,284
2016,4,4.3,10,284
2016,4,4.6,10,326
2016,4,4.2,10,271
2016,4,4.9,10,369
2016,4,4.4,5.24,298
2016,4,4.8,58.2,357
2016,4,3.9,63.3,234
2016,4,4.3,10,284
2016,4,4.1,15.97,259
2016,3,4.3,34.37,284
2016,3,4.1,4.16,259
2016,3,4.1,10,259
2016,3,4.5,21.97,312
2016,2,4,110.72,246
2016,2,4.4,13.35,298
2016,2,4.7,29.72,340
2016,2,4.7,8.95,340
2016,2,4.9,4.44,370
2016,2,4.4,69.46,298
2016,2,4.6,9.43,326
2016,2,4.3,5.65,285
2016,2,4.2,4.8,271
2016,2,4.6,82.99,326
2016,2,4.9,10,370
2016,2,4.1,25.76,259
2016,2,6.4,23,764
2016,1,4.2,16.81,271
2016,1,4.8,10,354
2016,1,4.4,10.29,298
2016,1,4.1,16.58,259
2016,1,5.6,27.1,487
2016,1,4.1,16.23,259
2016,1,4.1,12.67,259
2016,1,4.6,33.8,326
2016,1,4.5,74.49,312
2016,1,3.9,27.2,234
2016,1,4.4,70.33,298
